City,Latitude,Longitude
Adi_Ramets,13.75,37.316667
Belgrade,44.787197,20.457273
Binh_Duong,11.325402,106.477020
Chiraz,29.5926,52.5836
Chittagong,22.335,91.8325
Cordoba,37.8916,-4.7728
Delhi,28.7041,77.1025
Jaunpur,25.73,82.68
Karachi,24.86,67.01
Morelia,19.768333,-101.189444
Nancy,48.6921,6.1844
Perinthalmana,10.975328987126534,76.2288802903559
Strasbourg,48.583333,7.745833
Tyre,33.270833,35.196111
Ulaanbaatar,47.8864,106.9057
